[{"family":"MaterialIcons","fonts":[{"asset":"fonts/MaterialIcons-Regular.otf"}]},{"family":"HarmonyOS_SansSC","fonts":[{"weight":100,"asset":"assets/HarmonyOS_SansSC/HarmonyOS_SansSC_Thin.ttf"},{"weight":300,"asset":"assets/HarmonyOS_SansSC/HarmonyOS_SansSC_Light.ttf"},{"weight":400,"asset":"assets/HarmonyOS_SansSC/HarmonyOS_SansSC_Regular.ttf"},{"weight":500,"asset":"assets/HarmonyOS_SansSC/HarmonyOS_SansSC_Medium.ttf"},{"weight":600,"asset":"assets/HarmonyOS_SansSC/HarmonyOS_SansSC_Semibold.ttf"},{"weight":700,"asset":"assets/HarmonyOS_SansSC/HarmonyOS_SansSC_Bold.ttf"},{"weight":900,"asset":"assets/HarmonyOS_SansSC/HarmonyOS_SansSC_Black.ttf"}]},{"family":"packages/cupertino_icons/CupertinoIcons","fonts":[{"asset":"packages/cupertino_icons/assets/CupertinoIcons.ttf"}]}]